mean,median,std
5.843333333333334,5.8,0.828066127977863
3.0573333333333337,3.0,0.4358662849366982
3.7580000000000005,4.35,1.7652982332594662
1.1993333333333336,1.3,0.7622376689603465
